8LusJS5-AGo,Tushar Roy - Coding Made Simple,1254047,9887,1238
OQ5jsbhAv_M,Dynamic Programming,1042480,9338,192
5o-kdjv7FD0,0/1 Knapsack Problem Dynamic Programming,828360,11228,506
vYquumk4nWw,"19. Dynamic Programming I: Fibonacci, Shortest Paths",581929,13956,231
P8Xa2BitN3I,Amazon Coding Interview Question - Recursive Staircase Problem,488505,5369,194
nLmhmB6NzcM,What Is Dynamic Programming and How To Use It,461872,4949,190
oNI0rf2P9gE,Dynamic Programming  | Algorithms & Data Structures | Programming Tutorials | GeeksforGeeks,415555,4968,162
vgLJZMUfnsU,Algorithms: Memoization and Dynamic Programming,346418,1875,375
XaXsJJh-Q5Y,4.5 0/1 Knapsack - Two Methods - Dynamic Programming,333394,2831,174
FtN3BYH2Zes,4.2 All Pairs Shortest Path (Floyd-Warshall) - Dynamic Programming,328443,3809,104
prx1psByp7U,Matrix Chain Multiplication,307499,3039,200
s6FhG--P7z0,4.7 Traveling Salesperson Problem - Dynamic Programming,297586,1726,362
ENyox7kNKeY,4.4 Bellman Ford Algorithm - Single Source Shortest Path - Dynamic Programming,286840,1577,40
Y0ZqKpToTic,4.3 Matrix Chain Multiplication - Dynamic Programming,265246,1343,176
We3YDTzNXEk,Subset Sum Problem Dynamic Programming,252886,3273,132
nqlNzOcnCfs,"20. Dynamic Programming II: Text Justification, Blackjack",242367,3072,174
PLJHuErj-Tw,Coin Changing Minimum Number of Coins Dynamic programming,225005,-1,-1
6h6Fi6AQiRM,Minimum Edit Distance Dynamic Programming,213837,740,17
mmjDZGSr7EA,Dynamic Programming Interview Question #1 - Find Sets Of Numbers That Add Up To 16,208269,664,26
5dRGRueKU3M,Dynamic Programming:0/1 Knapsack Problem,189270,2230,51
ocZMDMZwhCY,Lecture -18 Dynamic Programming,188465,1053,27
vLS-zRCHo-Y,Dynamic Programming | Set 1 (Overlapping Subproblems Property) | GeeksforGeeks,186286,1610,137
-JjA4BLQyqE,Programming Interviews: Dynamic Programming,182704,1110,157
xOlhR_2QCXY,4 Principle  of Optimality  - Dynamic Programming introduction,179123,1728,163
T4bY72lCQac,"21. DP III: Parenthesization, Edit Distance, Knapsack",174624,436,181
9iE9Mj4m8jk,4.6 Optimal Binary Search Tree - Dynamic Programming,174879,1849,55
EH6h7WA7sDw,Traveling Salesman Problem Dynamic Programming Held-Karp,172154,2341,76
sSno9rV8Rhg,0-1 Knapsack Problem (Dynamic Programming),170145,2460,50
GMzVeWpyTN0,Dynamic Programming | Set 10 (0-1 Knapsack Problem) | GeeksforGeeks,168382,2418,39
Nd1-UUMVfz4,4.1 MultiStage Graph - Dynamic Programming,169554,1120,16
HgUOWB0StNE,The 0/1 Knapsack Problem - Dynamic Programming Method,166008,634,124
Ns4LCeeOFS4,4.9 Longest Common Subsequence (LCS)  - Recursion and Dynamic Programming,162218,528,153
wFP5VHGHFdk,Matrix Chain Multiplication - Dynamic Programming,144173,566,41
ug7O1lSZyg0,RL Course by David Silver - Lecture 3: Planning by Dynamic Programming,143127,410,21
NJuKJ8sasGk,Dynamic Programming | Set 4 (Longest Common Subsequence) | GeeksforGeeks,140714,1081,124
_zE5z-KZGRw,Dynamic Programming | Set 3 (Longest Increasing Subsequence) | GeeksforGeeks,139079,1212,30
dN_gQYo9Uf8,Dynamic Programming,137108,843,103
IRwVmTmN6go,R21. Dynamic Programming: Knapsack Problem,128956,589,176
_fgjrs570YE,Lec-17 Other Issues - Introduction to Dynamic Programming,128914,707,329
UhFvK3uERGg,Coin Changing Minimum Coins Dynamic Programming,125774,366,128
W2ote4jCuYw,Principle of Optimality - Dynamic Programming,121204,734,66
3hcaVyX00_4,Dynamic Programming | 0-1 Knapsack Problem - step by step guide,120320,770,158
GafjS0FfAC0,Cutting Rod dynamic programming,119645,506,44
4fQJGoeW5VE,Coin Changing Number of ways to get total dynamic programming,118875,492,45
Kkyp_H2Ic_U,Programming Interview: 0/1 Knapsack Problem (Dynamic Programming),114991,579,130
