4ZlRH0eK-qQ,3.5 Prims and Kruskals Algorithms - Greedy Method,515197,6806,201
Pn874kEc3IA,Prim&#39;s Algorithm - step by step guide,491264,3337,253
cplfcGZmX7I,Prim&#39;s algorithm in 2 minutes — Review and example,484496,4851,63
xENj6Ns3CfU,"Prim&#39;s algorithm for Minimum Spanning Tree in (Hindi, English) with Example",457978,4061,270
71UQH7Pr9kU,Kruskal&#39;s algorithm in 2 minutes — Review and example,452522,4603,47
ttbHBbNRRYE,Graph Algorithms,348732,3080,179
5XkK88VEILk,"Kruskal algorithm for Minimum Spanning Tree in (Hindi, English) with Example",346691,3061,92
YyLaRffCdk4,Kruskal&#39;s Algorithm - step by step guide,261104,2109,21
fAuF0EuZVCk,Prim&#39;s Algorithm: Minimal Spanning Tree,256393,1690,159
oP2-8ysT3QQ,Kruskal&#39;s algorithm Minimum Spanning Tree Graph Algorithm,237778,1285,102
BtGuZ-rrUeY,Prim&#39;s Algorithm Minimum Spanning Tree Graph Algorithm,231508,1203,29
Uj47dxYPow8,Prim&#39;s Algorithm,183893,1094,71
3rrNH_AizMA,Prim&#39;s Algorithm: Minimum Spanning Tree (MST),141871,941,81
8fJgkVpxbQg,Kruskal’s Algorithm for Minimum Spanning Tree | GeeksforGeeks,140696,786,92
z1L3rMzG1_A,Kruskal&#39;s &amp; Prim&#39;s Algorithm + Spanning Tree,137178,799,20
eB61LXLZVqs,Minimum Spanning Tree #2: Prim Algorithm,129232,662,127
Yo7sddEVONg,Prim&#39;s Algorithm for MST(with Code Walkthrough) | GeeksforGeeks,122524,757,29
VS1PjEvLxas,Kruskal&#39;s Algorithm: Minimum Spanning Tree (MST),106583,895,112
kuNfKbyOnDs,Graph Theory -29 Prim&#39;s Algorithm (Minimal Spanning Tree),95948,333,23
FVoXffphlCg,Prims Algorithm : Greedy Technique : Think Aloud Academy,89764,832,110
7FtGk9yr66A,prim&#39;s algorithm | Minimum spanning tree(MST) |,84367,153,14
xn11tv6B4zw,Lecture - 33 Prims Algorithm for Minimum Spanning Trees,83523,885,53
grlAstO4vmI,krushkal algorithm | Minimum spanning tree(MST) |,72075,337,41
DqpmZiC3ito,Prim&#39;s Algorithm :Minimum Spanning Tree (English+Hindi),71372,477,14
Y_bIT1nO9m0,Prim&#39;s Algorithm (Decision Maths 1),70787,365,17
mas07czjUSA,Kruskal&#39;s Algorithm:Minimum Spanning Tree (English+Hindi),56269,459,23
-9wi69z_UZ8,Greedy Algorithm,55019,714,12
T43K2qt0IiY,Chapter 59 Prim&#39;s Algorithm in Data Structure Hindi,53821,298,4
UUHB0OBP0z8,Chapter 58 Kruskal&#39;s Algorithm Explained in Data Structure Hindi,52482,1092,40
F8YXvZSo87U,Kruskal&#39;s Algorithm (Decision Maths 1),49598,435,31
jHusW_j1blU,"Prim&#39;s algorithm for Minimum Spanning Tree in (Hindi, Urdu) with Example",46614,164,15
calj1S6UFn4,Graph Theory -28 Kruskal&#39;s Algorithm (Minimal Spanning Tree),43282,137,5
vjPT8HfHs6M,Programming Interview: Prims Algorithm Minimum Spanning Tree (MST),41709,339,29
YIdp35eD4X0,Kruskal&#39;s Algorithm (Tutorial 8) D1 EDEXCEL A-Level,41380,137,17
pIkWno7_kLQ,"Design and Analysis of Algorithm(DAA) | Prims algorithm | Minimum spanning tree, Greedy method",39756,134,7
3fU0w9XZjAA,Prim&#39;s Algorithm | A Helpful Line-by-Line Code Tutorial | Part 1,34345,322,16
wR6JTtAmSWI,Prim&#39;s Algorithm (Tutorial 9) D1 EDEXCEL A-Level,32615,264,5
TnSyJombMSk,Minimum Spanning Tree - Kruskal and Prim algorithms,31458,92,11
_p105bi11pw,Math for Liberal Studies: Kruskal&#39;s Algorithm,31374,730,22
R5ObqUu2M6Q,Kruskal&#39;s Algorithm | Code Tutorial | Part 1,30815,199,5
MaaSoZUEoos,"Kruskal algorithm for Minimum Spanning Tree in (Hindi, Urdu) with Example",28194,190,9
1A_Pb7_DO2s,Decision 1 (D1) - Prim&#39;s Algorithm (2) Network -  Minimum Spanning Trees   Prim   Network   Matrices,27700,105,6
i_AQT_XfvD8,Prims Algorithm for Minimum Spanning Trees,26260,181,3
QsqDchSp3rk,Finding the Minimal Spanning Tree using Prim&#39;s Algorithm,25893,208,17
EtGlmqbzxLI,"Graph Algorithms I - Topological Sorting, Prim&#39;s Algorithm - Lecture 6",25666,121,2
KvQS9wtC3Y0,Design and Analysis of Algorithm(DAA) | Kruskal Algorithm | MSTree | Greedy Method,25459,429,26
gcYdezN723o,האלגוריתם של פרים הסבר בעברית - Prim Algorithm Hebrew,24172,128,5
JZBQLXgSGfs,Prim&#39;S Algorithm(Minimum Spanning Tree(MST) ।। BANGLA TUTORIAL ।।  AIUB COURSE SOLUTION,23433,343,6
